role,title,company,location
remote job,Senior Application Security Engineer,Uniswap Labs,New York
remote job,Cyber Security Bootcampï¹£Job Guaranteed,Metana,
remote job,Backend Engineer,Convox,
remote job,AI Red Teamer,HiddenLayer,"Remote, US"
remote job,Senior DevOps Engineer,"Loka, Inc","LatAm, North Macedonia, Portugal, Serbia"
remote job,Product Designer,BitMEX,Remote - Europe
remote job,Operations Manager,Ethena Labs,Globally Remote
remote job,Current openings,Ava Labs,New York City
remote job,Product Manager,Mintos,Remote
remote job,Senior Mobile Growth Consultant ASO & CRO,Phiture,California
remote job,Technical Project Manager,Subzero Labs,Remote
remote job,AWS CLOUD NATIVE DEVELOPER,Cook Systems,"Atlanta, GA"
remote job,Logistics Analyst II,PingWind,Multiple Locations
remote job,Strategic Implementation Project Manager,Qualia,Remote
remote job,Patient Engagement Associate,Imagine Pediatrics,"Remote, USA"
remote job,Data Analytics Associate,Clarify Health,Remote- US
remote job,Executive Assistant,Splash Financial,Remote
remote job,Customer Service,Splash Financial,Remote
remote job,Operations LeadâAI Powered Quoting Content Communications,Ascent Yard Care,
remote job,Sales Executive,Shakepay,"Remote, Canada"
remote job,Video Editor II,SpaceX,"Bastrop, TX"
remote job,Senior Operations Manager Complaints,Monzo,Cardiff London or  UK
remote job,Director of Development,Code.org,"Remote or Seattle, WA"
remote job,Director Demand Generation US,Seamless.AI,United States
remote job,Job openings,Black & White Zebra,Remote
remote job,Sales Engineer,bloXroute Labs,Hong Kong
remote job,Business Operations Manager,Alpen Labs,Remote
remote job,Thai Audio Reviewer Help Improve AI Conversations,CrowdGen by Appen,Thailand
remote job,Software Engineer,Tech Innovations Inc.,San Francisco
remote job,Software Engineer C+,Octo Horizon,
remote job,Key Account Manager Seattle S WA AK,Braeburn,Seattle
remote job,Infra DevOps Engineer Specialist,Invisible Agency,World Wide
remote job,Backend Engineer Specialist,Invisible Agency,LATAM
remote job,Senior Manager Estimation,174 Power Global,Remote
remote job,Paid Social Growth Marketer Consultant,Right Side Up,"Austin, TX"
remote job,Service Level &amp; Availability Manager,Doran Jones Inc.,United States
remote job,Logistics Analyst I,PingWind,Multiple Locations
remote job,Data Scientist Specialist,Invisible Agency,World Wide
remote job,Global Compensation COE Director,Veeam Software,North Carolina
remote job,Forward Deployed Engineer,Sayari,Remote - US
remote job,Full Stack Engineer Specialist,Invisible Agency,LATAM
remote job,Senior Data Engineer,3Pillar,Mexico
remote job,Director Finance Strategy &amp; Operations,HighLevel,United States
remote job,Tech Recruiter,Retired.com,Remote
remote job,Senior Project Manager Finance Fuze Health,Fuze Health,United States
remote job,AI Translation Evaluator Turkish &gt; English,CrowdGen by Appen,Any
remote job,Account Executive Renewal Sales,Kapitus,Remote - US
remote job,Autonomy Software Engineer Integration,Glydways,Remote
remote job,Kinyarwanda Language Specialist AI Trainer,Invisible Agency,Africa
remote job,Full Stack Developer,Bisnow,Remote
remote job,Field Sales Representative field based Dallas Fort Worth Texas,Liquid Death,Dallas-Fort Worth
remote job,Speciality Distribution Manager,Cycle Pharmaceuticals Ltd,US
remote job,Project Intake Consultant,Aptitude 8,Remote
remote job,SAP PP Consultant,mindsquare AG,Remote
remote job,SAP HCM Berater,mindsquare AG,Remote
remote job,Solution Architect SAP S 4HANA Migration,mindsquare AG,Remote
remote job,Consultant SAP Supply Chain Operations,mindsquare AG,Remote
remote job,Technical Consultant Integration PI PO Voll oder Teilzeit,mindsquare AG,Remote
remote job,SAP SuccessFactors Consultant Employee Central,mindsquare AG,Remote
remote job,Pflichtpraktikum Praxisphase zum IT Consultant,mindsquare AG,Remote
remote job,SAP EWM Consultant,mindsquare AG,Remote
remote job,SAP Entwickler RAP CAP,mindsquare AG,Remote
remote job,SAP Technical Consultant Voll oder Teilzeit,mindsquare AG,Remote
remote job,Consultant SAP CCM CCS,mindsquare AG,Remote
remote job,Senior SAP Pre Sales Solution Architect,mindsquare AG,Remote
remote job,Consultant SAP Supply Chain Growth & Portfolio,mindsquare AG,Remote
remote job,Sales Consultant SAP Procurement MM Ariba,mindsquare AG,Remote
remote job,Presales Consultant SAP Technology,mindsquare AG,Remote
remote job,Senior Business Development Manager DACH,Janes,Germany
remote job,Senior Fullstack Engineer Payments Platform,Xero,San Mateo
remote job,Graphic Designer,SupplyHouse.com,Remote
remote job,Senior Golang Full Stack Developer,GRAX,
remote job,Head of Platform Engineering,Ethena Labs,Globally Remote
remote job,Business Development Lead Fintech,Socket,Remote
remote job,Job 25443 Senior Quality Assurance Automation Brazil,CI&amp;T,Brazil
remote job,Job 25362 Tester Junior Brazil,CI&amp;T,Brazil
remote job,*SR DevOps Data engineer,Coderio,
remote job,Job,Datavant,
remote job,Talent Management Director,Industrial Electric Manufacturing,Remote - US
remote job,Senior Customer Success Manager,Zscaler Red Canary,Remote - USA
remote job,Learning Program Manager,Industrial Electric Manufacturing,Remote - US
remote job,Customer Success Manager,Pulley,Remote
remote job,Talent &amp; People Ops Manager,Mongoose,
remote job,Account Executive North America New Logo,Cyara,United States
remote job,Data Science Manager,Federato,Remote
remote job,Creative Producer,PIP Labs,US
remote job,Talent Management Program Coordinator,Industrial Electric Manufacturing,Remote - US
remote job,Partner Marketing Manager,Honeycomb,Remote - United States
remote job,Sales Development Associate,Catalyst Inc,"Remote, East Coast"
remote job,Junior Copywriter,NPHub,Colombia - Remote
remote job,Engineering Manager,Fora Financial,Remote
remote job,Director Membership Growth & Retention,Åura,"Remote - Boston, Massachusetts; Remote - New York, New York; Remote - United States; Remote - Washington, District of Columbia"
remote job,BUSINESS DEVELOPMENT DIRECTOR,Wishpond Technologies,Philippines
remote job,Quality Assurance Analyst,Carrot,Remote
remote job,Growth Marketing Specialist,PolicyMe,Remote in Toronto
remote job,Animation Lead,Unknown Worlds,Remote
remote job,Care Companion I,Carrot,Remote
remote job,Sr NGS Sales Specialist Boston,Twist Bioscience,USA - Remote
remote job,Senior Software Engineer,Acquia,Pune or Delhi/NCR
remote job,Customer Marketing Manager,Vimeo,New York
