date,company,position,tags,url
,,,,
2025-10-28T14:00:19+00:00,"Loka, Inc",Senior DevOps Engineer,"design, security, python, technical, support, devops, serverless, cloud, typescript, senior, engineer, digital nomad",https://remoteOK.com/remote-jobs/remote-senior-devops-engineer-loka-inc-1128627
2025-10-28T12:00:23+00:00,BitMEX,Product Designer,"crypto, cryptocurrency, security, designer",https://remoteOK.com/remote-jobs/remote-product-designer-bitmex-1128625
2025-10-28T12:00:01+00:00,Ethena Labs,Operations Manager,"manager, back-end, growth, coo, financial, finance, strategy, management, operations, operational",https://remoteOK.com/remote-jobs/remote-operations-manager-ethena-labs-1128624
2025-10-28T10:00:31+00:00,Ava Labs,Current openings,"web3, support, finance, non tech",https://remoteOK.com/remote-jobs/remote-current-openings-ava-labs-1128623
2025-10-27T19:00:11+00:00,Mintos,Product Manager,manager,https://remoteOK.com/remote-jobs/remote-product-manager-mintos-1128615
2025-10-27T16:01:02+00:00,Phiture,Senior Mobile Growth Consultant ASO & CRO,"consultant, growth, consultancy, mobile, lead, senior, operations, marketer",https://remoteOK.com/remote-jobs/remote-senior-mobile-growth-consultant-aso-cro-phiture-1128614
2025-10-27T16:00:41+00:00,Subzero Labs,Technical Project Manager,"manager, web3, crypto, technical, support, developer, software, ux, management, engineer, engineering, digital nomad",https://remoteOK.com/remote-jobs/remote-technical-project-manager-subzero-labs-1128613
2025-10-27T14:00:44+00:00,Cook Systems,AWS CLOUD NATIVE DEVELOPER,"developer, consulting, software, web, scrum, investment, serverless, lambda, cloud, api, digital nomad",https://remoteOK.com/remote-jobs/remote-aws-cloud-native-developer-cook-systems-1128611
2025-10-27T14:00:21+00:00,PingWind,Logistics Analyst II,"analyst, design, system, support, financial, education, management, junior, operations, operational, health, digital nomad",https://remoteOK.com/remote-jobs/remote-logistics-analyst-ii-pingwind-1128610
2025-10-27T14:00:13+00:00,Qualia,Strategic Implementation Project Manager,"manager, strategy, lead",https://remoteOK.com/remote-jobs/remote-strategic-implementation-project-manager-qualia-1128609
2025-10-27T12:00:13+00:00,Imagine Pediatrics,Patient Engagement Associate,"support, health, non tech",https://remoteOK.com/remote-jobs/remote-patient-engagement-associate-imagine-pediatrics-1128608
2025-10-27T07:00:01+00:00,Clarify Health,Data Analytics Associate,"system, consulting, support, software, management, analytics, medical, health, healthcare",https://remoteOK.com/remote-jobs/remote-data-analytics-associate-clarify-health-1128606
2025-10-26T20:00:17+00:00,Splash Financial,Executive Assistant,"assistant, finance, financial, bank, health, executive",https://remoteOK.com/remote-jobs/remote-executive-assistant-splash-financial-1128604
2025-10-26T11:00:18+00:00,Splash Financial,Customer Service,"finance, financial, bank, health, non tech",https://remoteOK.com/remote-jobs/remote-customer-service-splash-financial-1128598
2025-10-25T13:33:05+00:00,Ascent Yard Care,Operations LeadâAI Powered Quoting Content Communications,"marketing, sales, ops, exec",https://remoteOK.com/remote-jobs/remote-operations-lead-ai-powered-quoting-content-communications-ascent-yard-care-1128596
2025-10-24T16:03:28+00:00,Shakepay,Sales Executive,"bitcoin, financial, lead, sales, executive",https://remoteOK.com/remote-jobs/remote-sales-executive-shakepay-1128593
2025-10-24T16:02:49+00:00,SpaceX,Video Editor II,"technical, software, video, post-production, lead, content",https://remoteOK.com/remote-jobs/remote-video-editor-ii-spacex-1128592
2025-10-24T16:02:20+00:00,Monzo,Senior Operations Manager Complaints,"manager, financial, education, bank, senior, operations, non tech",https://remoteOK.com/remote-jobs/remote-senior-operations-manager-complaints-monzo-1128591
2025-10-24T16:01:58+00:00,Code.org,Director of Development,"director, students, education",https://remoteOK.com/remote-jobs/remote-director-of-development-code-org-1128590
2025-10-24T16:00:39+00:00,Seamless.AI,Director Demand Generation US,"director, saas, growth, strategy, lead, marketing, sales",https://remoteOK.com/remote-jobs/remote-director-demand-generation-us-seamless-ai-1128589
2025-10-24T15:00:07+00:00,Black & White Zebra,Job openings,,https://remoteOK.com/remote-jobs/remote-job-openings-black-white-zebra-1128588
2025-10-24T14:00:04+00:00,bloXroute Labs,Sales Engineer,"technical, support, sales, engineer, engineering",https://remoteOK.com/remote-jobs/remote-sales-engineer-bloxroute-labs-1128587
2025-10-24T12:00:23+00:00,Alpen Labs,Business Operations Manager,"manager, bitcoin, coo, financial, investor, finance, rails, operations, operational, legal, non tech",https://remoteOK.com/remote-jobs/remote-business-operations-manager-alpen-labs-1128586
2025-10-24T12:00:02+00:00,CrowdGen by Appen,Thai Audio Reviewer Help Improve AI Conversations,transcription,https://remoteOK.com/remote-jobs/remote-thai-audio-reviewer-help-improve-ai-conversations-crowdgen-by-appen-1128585
2025-10-24T11:00:05+00:00,Tech Innovations Inc.,Software Engineer,"software, code, engineer",https://remoteOK.com/remote-jobs/remote-software-engineer-tech-innovations-inc-1128584
2025-10-24T10:28:19+00:00,Octo Horizon,Software Engineer C+,"dev, engineer, technical, cloud",https://remoteOK.com/remote-jobs/remote-software-engineer-c-octo-horizon-1128583
2025-10-24T00:05:10+00:00,Braeburn,Key Account Manager Seattle S WA AK,"manager, management, sales, healthcare, non tech",https://remoteOK.com/remote-jobs/remote-key-account-manager-seattle-s-wa-ak-braeburn-1128582
2025-10-24T00:04:52+00:00,Invisible Agency,Infra DevOps Engineer Specialist,"technical, software, devops, cloud, engineer, engineering",https://remoteOK.com/remote-jobs/remote-infra-devops-engineer-specialist-invisible-agency-1128581
2025-10-24T00:04:39+00:00,Invisible Agency,Backend Engineer Specialist,"cloud, engineer, backend",https://remoteOK.com/remote-jobs/remote-backend-engineer-specialist-invisible-agency-1128580
2025-10-24T00:04:27+00:00,174 Power Global,Senior Manager Estimation,"manager, ceo, support, travel, management, lead, senior, non tech",https://remoteOK.com/remote-jobs/remote-senior-manager-estimation-174-power-global-1128579
2025-10-24T00:04:12+00:00,Right Side Up,Paid Social Growth Marketer Consultant,"consultant, growth, test, ads, strategy, marketer, marketing",https://remoteOK.com/remote-jobs/remote-paid-social-growth-marketer-consultant-right-side-up-1128578
2025-10-24T00:04:04+00:00,Doran Jones Inc.,Service Level &amp; Availability Manager,"manager, system, technical, support, cloud, management, operations, operational, analytics, reliability, health",https://remoteOK.com/remote-jobs/remote-service-level-amp-availability-manager-doran-jones-inc-1128577
2025-10-24T00:03:58+00:00,PingWind,Logistics Analyst I,"analyst, design, system, support, financial, education, management, operations, health, recruitment, digital nomad",https://remoteOK.com/remote-jobs/remote-logistics-analyst-i-pingwind-1128576
2025-10-24T00:03:51+00:00,Invisible Agency,Data Scientist Specialist,"design, software, digital nomad",https://remoteOK.com/remote-jobs/remote-data-scientist-specialist-invisible-agency-1128575
2025-10-24T00:03:39+00:00,Veeam Software,Global Compensation COE Director,"dev, director, leader, go, digital nomad",https://remoteOK.com/remote-jobs/remote-global-compensation-coe-director-veeam-software-1128574
2025-10-24T00:03:25+00:00,Sayari,Forward Deployed Engineer,"python, director, financial, investment, cloud, api, analytics, sales, engineer, engineering",https://remoteOK.com/remote-jobs/remote-forward-deployed-engineer-sayari-1128573
2025-10-24T00:03:09+00:00,Invisible Agency,Full Stack Engineer Specialist,"frontend, full-stack, developer, software, engineer, engineering, digital nomad",https://remoteOK.com/remote-jobs/remote-full-stack-engineer-specialist-invisible-agency-1128572
2025-10-24T00:02:42+00:00,3Pillar,Senior Data Engineer,"python, software, growth, code, java, cloud, nosql, management, senior, junior, analytics, health, engineer, engineering",https://remoteOK.com/remote-jobs/remote-senior-data-engineer-3pillar-1128571
2025-10-24T00:02:31+00:00,HighLevel,Director Finance Strategy &amp; Operations,"director, design, saas, architect, cfo, support, accounting, financial, investor, finance, api, strategy, management, lead, operations, operational, marketing, legal, sales, executive, digital nomad",https://remoteOK.com/remote-jobs/remote-director-finance-strategy-amp-operations-highlevel-1128570
2025-10-24T00:02:23+00:00,Retired.com,Tech Recruiter,"cryptocurrency, hr, technical, recruiter, support, software, growth, financial, fintech, lead, operations, recruiting, recruitment, branding",https://remoteOK.com/remote-jobs/remote-tech-recruiter-retired-com-1128569
2025-10-24T00:02:16+00:00,Fuze Health,Senior Project Manager Finance Fuze Health,"manager, growth, financial, finance, management, lead, senior, operations, medical, health, healthcare",https://remoteOK.com/remote-jobs/remote-senior-project-manager-finance-fuze-health-fuze-health-1128568
2025-10-24T00:02:00+00:00,CrowdGen by Appen,AI Translation Evaluator Turkish &gt; English,part-time,https://remoteOK.com/remote-jobs/remote-ai-translation-evaluator-turkish-gt-english-crowdgen-by-appen-1128567
2025-10-24T00:01:45+00:00,Kapitus,Account Executive Renewal Sales,"support, voice, management, senior, sales, executive",https://remoteOK.com/remote-jobs/remote-account-executive-renewal-sales-kapitus-1128566
2025-10-24T00:01:33+00:00,Glydways,Autonomy Software Engineer Integration,"software, design, system, support, testing, c++, engineer, digital nomad",https://remoteOK.com/remote-jobs/remote-autonomy-software-engineer-integration-glydways-1128565
2025-10-24T00:01:15+00:00,Invisible Agency,Kinyarwanda Language Specialist AI Trainer,"trainer, training",https://remoteOK.com/remote-jobs/remote-kinyarwanda-language-specialist-ai-trainer-invisible-agency-1128564
2025-10-24T00:01:03+00:00,Bisnow,Full Stack Developer,"developer, design, front-end, back-end, technical, software, code, web, marketing, sales, go, recruitment, digital nomad",https://remoteOK.com/remote-jobs/remote-full-stack-developer-bisnow-1128563
2025-10-24T00:00:56+00:00,Liquid Death,Field Sales Representative field based Dallas Fort Worth Texas,"growth, travel, marketing, sales, health",https://remoteOK.com/remote-jobs/remote-field-sales-representative-field-based-dallas-fort-worth-texas-liquid-death-1128562
2025-10-24T00:00:41+00:00,Cycle Pharmaceuticals Ltd,Speciality Distribution Manager,"manager, design, support, management, lead, full-time, digital nomad",https://remoteOK.com/remote-jobs/remote-speciality-distribution-manager-cycle-pharmaceuticals-ltd-1128561
2025-10-24T00:00:22+00:00,Aptitude 8,Project Intake Consultant,"consultant, technical, director, strategy, full-time",https://remoteOK.com/remote-jobs/remote-project-intake-consultant-aptitude-8-1128560
2025-10-23T16:05:38+00:00,mindsquare AG,SAP PP Consultant,consultant,https://remoteOK.com/remote-jobs/remote-sap-pp-consultant-mindsquare-ag-1128558
2025-10-23T16:05:23+00:00,mindsquare AG,SAP HCM Berater,,https://remoteOK.com/remote-jobs/remote-sap-hcm-berater-mindsquare-ag-1128557
2025-10-23T16:05:09+00:00,mindsquare AG,Solution Architect SAP S 4HANA Migration,architect,https://remoteOK.com/remote-jobs/remote-solution-architect-sap-s-4hana-migration-mindsquare-ag-1128556
2025-10-23T16:04:47+00:00,mindsquare AG,Consultant SAP Supply Chain Operations,"consultant, operations",https://remoteOK.com/remote-jobs/remote-consultant-sap-supply-chain-operations-mindsquare-ag-1128555
2025-10-23T16:04:31+00:00,mindsquare AG,Technical Consultant Integration PI PO Voll oder Teilzeit,"consultant, technical",https://remoteOK.com/remote-jobs/remote-technical-consultant-integration-pi-po-voll-oder-teilzeit-mindsquare-ag-1128554
2025-10-23T16:04:13+00:00,mindsquare AG,SAP SuccessFactors Consultant Employee Central,consultant,https://remoteOK.com/remote-jobs/remote-sap-successfactors-consultant-employee-central-mindsquare-ag-1128553
2025-10-23T16:03:58+00:00,mindsquare AG,Pflichtpraktikum Praxisphase zum IT Consultant,consultant,https://remoteOK.com/remote-jobs/remote-pflichtpraktikum-praxisphase-zum-it-consultant-mindsquare-ag-1128552
2025-10-23T16:03:41+00:00,mindsquare AG,SAP EWM Consultant,consultant,https://remoteOK.com/remote-jobs/remote-sap-ewm-consultant-mindsquare-ag-1128551
2025-10-23T16:03:15+00:00,mindsquare AG,SAP Entwickler RAP CAP,entwickler,https://remoteOK.com/remote-jobs/remote-sap-entwickler-rap-cap-mindsquare-ag-1128550
2025-10-23T16:02:59+00:00,mindsquare AG,SAP Technical Consultant Voll oder Teilzeit,"consultant, technical",https://remoteOK.com/remote-jobs/remote-sap-technical-consultant-voll-oder-teilzeit-mindsquare-ag-1128549
2025-10-23T16:02:43+00:00,mindsquare AG,Consultant SAP CCM CCS,consultant,https://remoteOK.com/remote-jobs/remote-consultant-sap-ccm-ccs-mindsquare-ag-1128548
2025-10-23T16:02:30+00:00,mindsquare AG,Senior SAP Pre Sales Solution Architect,"architect, senior, sales",https://remoteOK.com/remote-jobs/remote-senior-sap-pre-sales-solution-architect-mindsquare-ag-1128547
2025-10-23T16:02:15+00:00,mindsquare AG,Consultant SAP Supply Chain Growth & Portfolio,"consultant, growth",https://remoteOK.com/remote-jobs/remote-consultant-sap-supply-chain-growth-portfolio-mindsquare-ag-1128546
2025-10-23T16:02:02+00:00,mindsquare AG,Sales Consultant SAP Procurement MM Ariba,"consultant, sales, non tech",https://remoteOK.com/remote-jobs/remote-sales-consultant-sap-procurement-mm-ariba-mindsquare-ag-1128545
2025-10-23T16:01:45+00:00,mindsquare AG,Presales Consultant SAP Technology,consultant,https://remoteOK.com/remote-jobs/remote-presales-consultant-sap-technology-mindsquare-ag-1128544
2025-10-23T16:01:31+00:00,Janes,Senior Business Development Manager DACH,"manager, system, security, growth, director, senior, sales, executive",https://remoteOK.com/remote-jobs/remote-senior-business-development-manager-dach-janes-1128543
2025-10-23T16:00:54+00:00,Xero,Senior Fullstack Engineer Payments Platform,"frontend, accounting, investment, senior, engineer, backend, fullstack",https://remoteOK.com/remote-jobs/remote-senior-fullstack-engineer-payments-platform-xero-1128542
2025-10-23T16:00:37+00:00,SupplyHouse.com,Graphic Designer,"designer, growth, manager, marketing, e-commerce",https://remoteOK.com/remote-jobs/remote-graphic-designer-supplyhouse-com-1128541
2025-10-23T14:00:02+00:00,GRAX,Senior Golang Full Stack Developer,"golang, developer, salesforce, system, security, financial, senior, golang, health, engineering, digital nomad",https://remoteOK.com/remote-jobs/remote-senior-golang-full-stack-developer-grax-1128539
2025-10-23T14:00:02+00:00,Ethena Labs,Head of Platform Engineering,"design, crypto, cryptocurrency, back-end, security, technical, support, developer, growth, devops, financial, finance, cloud, leader, strategy, lead, senior, operations, engineer, engineering, digital nomad",https://remoteOK.com/remote-jobs/remote-head-of-platform-engineering-ethena-labs-1128540
2025-10-23T12:00:19+00:00,Socket,Business Development Lead Fintech,"crypto, cofounder, growth, coo, fintech, strategy, lead, operational, sales",https://remoteOK.com/remote-jobs/remote-business-development-lead-fintech-socket-1128538
2025-10-23T00:04:44+00:00,CI&amp;T,Job 25443 Senior Quality Assurance Automation Brazil,"software, test, qa, git, senior",https://remoteOK.com/remote-jobs/remote-job-25443-senior-quality-assurance-automation-brazil-ciampt-1128536
2025-10-23T00:04:37+00:00,CI&amp;T,Job 25362 Tester Junior Brazil,"tester, design, security, support, software, testing, test, web, cloud, api, junior, health, digital nomad",https://remoteOK.com/remote-jobs/remote-job-25362-tester-junior-brazil-ciampt-1128535
2025-10-23T00:04:30+00:00,Coderio,*SR DevOps Data engineer,"python, software, code, devops, cloud, engineer",https://remoteOK.com/remote-jobs/remote-sr-devops-data-engineer-coderio-1128534
2025-10-23T00:04:23+00:00,Datavant,Job,,https://remoteOK.com/remote-jobs/remote-job-datavant-1128533
2025-10-23T00:03:51+00:00,Industrial Electric Manufacturing,Talent Management Director,"director, design, technical, support, leader, strategy, management, lead, sales, digital nomad",https://remoteOK.com/remote-jobs/remote-talent-management-director-industrial-electric-manufacturing-1128532
2025-10-23T00:03:36+00:00,Zscaler Red Canary,Senior Customer Success Manager,"manager, security, cloud, senior",https://remoteOK.com/remote-jobs/remote-senior-customer-success-manager-zscaler-red-canary-1128531
2025-10-23T00:03:10+00:00,Industrial Electric Manufacturing,Learning Program Manager,"manager, technical, growth, strategy, excel, sales",https://remoteOK.com/remote-jobs/remote-learning-program-manager-industrial-electric-manufacturing-1128530
2025-10-23T00:02:50+00:00,Pulley,Customer Success Manager,"manager, consultant, growth, finance, management, lead, operations, executive",https://remoteOK.com/remote-jobs/remote-customer-success-manager-pulley-1128529
2025-10-23T00:02:26+00:00,Mongoose,Talent &amp; People Ops Manager,"manager, design, saas, hr, support, growth, education, strategy, operations, operational, recruiting, engineering, digital nomad",https://remoteOK.com/remote-jobs/remote-talent-amp-people-ops-manager-mongoose-1128528
2025-10-23T00:02:19+00:00,Cyara,Account Executive North America New Logo,"design, saas, software, growth, voice, chatbot, management, lead, senior, sales, executive, digital nomad",https://remoteOK.com/remote-jobs/remote-account-executive-north-america-new-logo-cyara-1128527
2025-10-23T00:02:13+00:00,Federato,Data Science Manager,"manager, lead, engineering",https://remoteOK.com/remote-jobs/remote-data-science-manager-federato-1128526
2025-10-23T00:01:53+00:00,PIP Labs,Creative Producer,"design, api, management, operational, marketing, legal, digital nomad",https://remoteOK.com/remote-jobs/remote-creative-producer-pip-labs-1128525
2025-10-23T00:01:47+00:00,Industrial Electric Manufacturing,Talent Management Program Coordinator,"hr, technical, coordinator, management, sales",https://remoteOK.com/remote-jobs/remote-talent-management-program-coordinator-industrial-electric-manufacturing-1128524
2025-10-23T00:01:32+00:00,Honeycomb,Partner Marketing Manager,"manager, developer, marketing, digital nomad",https://remoteOK.com/remote-jobs/remote-partner-marketing-manager-honeycomb-1128523
2025-10-23T00:01:10+00:00,Catalyst Inc,Sales Development Associate,sales,https://remoteOK.com/remote-jobs/remote-sales-development-associate-catalyst-inc-1128522
2025-10-23T00:00:54+00:00,NPHub,Junior Copywriter,"copywriter, wordpress, students, architect, support, copywriting, voice, seo, strategy, management, content, senior, junior, marketing, health, healthcare",https://remoteOK.com/remote-jobs/remote-junior-copywriter-nphub-1128521
2025-10-23T00:00:47+00:00,Fora Financial,Engineering Manager,"manager, code, scrum, finance, financial, lead, legal, engineering",https://remoteOK.com/remote-jobs/remote-engineering-manager-fora-financial-1128520
2025-10-23T00:00:33+00:00,Åura,Director Membership Growth & Retention,"growth, director, leader, strategy, lead, senior, health, executive",https://remoteOK.com/remote-jobs/remote-director-membership-growth-retention-oura-1128519
2025-10-23T00:00:10+00:00,Wishpond Technologies,BUSINESS DEVELOPMENT DIRECTOR,"director, design, saas, training, support, software, growth, education, leader, management, lead, senior, operations, operational, marketing, sales, executive, full-time, digital nomad",https://remoteOK.com/remote-jobs/remote-business-development-director-wishpond-technologies-1128518
2025-10-22T20:00:22+00:00,Carrot,Quality Assurance Analyst,"analyst, system, support, qa, senior, operations, health",https://remoteOK.com/remote-jobs/remote-quality-assurance-analyst-carrot-1128514
2025-10-22T19:00:27+00:00,PolicyMe,Growth Marketing Specialist,"growth, support, director, financial, video, operations, marketing, health",https://remoteOK.com/remote-jobs/remote-growth-marketing-specialist-policyme-1128513
2025-10-22T19:00:20+00:00,Unknown Worlds,Animation Lead,"game, technical, animation, lead",https://remoteOK.com/remote-jobs/remote-animation-lead-unknown-worlds-1128512
2025-10-22T17:00:18+00:00,Carrot,Care Companion I,"support, video, health, non tech",https://remoteOK.com/remote-jobs/remote-care-companion-i-carrot-1128510
2025-10-22T16:04:23+00:00,Twist Bioscience,Sr NGS Sales Specialist Boston,"technical, support, growth, financial, management, operations, sales, biology, executive",https://remoteOK.com/remote-jobs/remote-sr-ngs-sales-specialist-boston-twist-bioscience-1128509
2025-10-22T16:04:00+00:00,Acquia,Senior Software Engineer,"software, system, support, analyst, scrum, devops, java, cloud, drupal, leader, lead, senior, operations, operational, engineer",https://remoteOK.com/remote-jobs/remote-senior-software-engineer-acquia-1128508
2025-10-22T16:03:10+00:00,Vimeo,Customer Marketing Manager,"manager, design, saas, software, growth, director, video, content, senior, marketing, digital nomad",https://remoteOK.com/remote-jobs/remote-customer-marketing-manager-vimeo-1128507
2025-10-22T16:02:41+00:00,Higher Logic,Software Developer,"developer, software, design, saas, support, testing, code, mysql, engineering, digital nomad",https://remoteOK.com/remote-jobs/remote-software-developer-higher-logic-1128506
2025-10-22T16:01:32+00:00,DoiT,Manager Partner Success,"manager, growth, cloud, microsoft",https://remoteOK.com/remote-jobs/remote-manager-partner-success-doit-1128504
2025-10-22T16:01:11+00:00,Dataiku,Fullstack Software Engineer Core,"software, engineer, engineering, fullstack",https://remoteOK.com/remote-jobs/remote-fullstack-software-engineer-core-dataiku-1128503
